   <!-- =================================================================== -->
   <!-- ant properties/targets for oracle 8/9                               -->
   <!-- note: this is not a proper xml file (there is no root element)      -->
   <!--       it is intended to be imported from a *real* xml file          -->
   <!-- =================================================================== -->

   <!-- please set your Oracle-SID according to your needs -->

   <property environment="env"/>

   <property name="database.script.file"           value="${src.dir}/sql/${name}-oracle.sql"/>
   <property name="database.driver.file"           value="${lib.dir}/ojdbc14.jar"/>
   <property name="database.driver.classpath"      value="${database.driver.file}"/>
   <property name="database.driver"                value="oracle.jdbc.driver.OracleDriver"/>
   <property name="database.url"                   value="jdbc:oracle:thin:@192.168.2.23:1521:ORCL"/>
   <!--<property name="database.url"                   value="jdbc:oracle:thin:@192.168.2.23:1521:ORCLRUN"/> -->
   <property name="database.userid"                value="cinqmes"/>
   <property name="database.password"              value="cinqmes"/>
   <property name="database.schema"                value="cinqmes"/>
   <property name="database.catalog"               value=""/>

   <!--property name="jboss.datasource.mapping"       value="Oracle7"/>
   <property name="jboss.datasource.mapping"       value="Oracle8"/-->
   <property name="jboss.datasource.mapping"       value="Oracle11g"/>
